<?xml version="1.0" encoding="utf-8"?><sf:SMARTSTYLE xmlns:sf="urn:sap-com:SmartForms:2000:style-internal-structure" xmlns="urn:sap-com:sdixml-ifr:2000" sf:language="EN"><sf:HEADER><STYLENAME>ZSD_SALES_INVOICE</STYLENAME><MASTERLANG>E</MASTERLANG><VERSION>00007</VERSION><FIRSTUSER>SAPDEV30</FIRSTUSER><FIRSTDATE>2020-09-21</FIRSTDATE><FIRSTTIME>11:38:13</FIRSTTIME><LASTUSER>SAPDEV30</LASTUSER><LASTDATE>2020-09-21</LASTDATE><LASTTIME>13:19:47</LASTTIME><LANGU>E</LANGU><CAPTION>sales Invoice</CAPTION><V_CAPTION>sales Invoice</V_CAPTION><TDFIRSTPAR>PD</TDFIRSTPAR><CPI>10.00</CPI><LPI>6.00</LPI><TDTABDIST>1.00</TDTABDIST><TDTABDISTU>CM</TDTABDISTU><ACTIVE>A</ACTIVE><TDFAMILY>COURIER</TDFAMILY><TDHEIGHT>120</TDHEIGHT><TDULPOS>0.00</TDULPOS><TDULTHICK>0.00</TDULTHICK><TDULGREY>000</TDULGREY><RED>000</RED><GREEN>000</GREEN><BLUE>000</BLUE><TRANS>000</TRANS></sf:HEADER><sf:PARAGRAPHS><item><ACTIVE>A</ACTIVE><STYLENAME>ZSD_SALES_INVOICE</STYLENAME><TDPARGRAPH>H1</TDPARGRAPH><TDPJUSTIFY>LEFT</TDPJUSTIFY><TDPLDIST>1.00</TDPLDIST><TDPLDISTU>LN</TDPLDISTU><TDPTOP>0.00</TDPTOP><TDPTOPU>CM</TDPTOPU><TDPBOT>0.00</TDPBOT><TDPBOTU>CM</TDPBOTU><TDPLEFT>0.00</TDPLEFT><TDPLEFTU>CM</TDPLEFTU><TDPRIGHT>0.00</TDPRIGHT><TDPRIGHTU>CM</TDPRIGHTU><TDPENTRY>0.00</TDPENTRY><TDPENTRYU>CM</TDPENTRYU><TDNUMLEFT>0.00</TDNUMLEFT><TDNUMLEFTU>CM</TDNUMLEFTU><TDNUMOUTL>00</TDNUMOUTL><TDLDEPTH>00</TDLDEPTH><TDLFIRSTIN>0</TDLFIRSTIN><TDLNEXTIND>0</TDLNEXTIND><TDLCOUNT>0</TDLCOUNT><TDFAMILY>HELVE</TDFAMILY><TDHEIGHT>160</TDHEIGHT><TDBOLD>X</TDBOLD><TDITALIC>*</TDITALIC><TDUNDERLIN>*</TDUNDERLIN><TDULPOS>0.00</TDULPOS><TDULTHICK>0.00</TDULTHICK><TDULGREY>000</TDULGREY><RED>000</RED><GREEN>000</GREEN><BLUE>000</BLUE><TRANS>000</TRANS><LANGU>E</LANGU><CAPTION>H1</CAPTION></item><item><ACTIVE>A</ACTIVE><STYLENAME>ZSD_SALES_INVOICE</STYLENAME><TDPARGRAPH>H2</TDPARGRAPH><TDPJUSTIFY>LEFT</TDPJUSTIFY><TDPLDIST>1.00</TDPLDIST><TDPLDISTU>LN</TDPLDISTU><TDPTOP>0.00</TDPTOP><TDPTOPU>CM</TDPTOPU><TDPBOT>0.00</TDPBOT><TDPBOTU>CM</TDPBOTU><TDPLEFT>0.20</TDPLEFT><TDPLEFTU>CM</TDPLEFTU><TDPRIGHT>0.00</TDPRIGHT><TDPRIGHTU>CM</TDPRIGHTU><TDPENTRY>0.00</TDPENTRY><TDPENTRYU>CM</TDPENTRYU><TDNUMLEFT>0.00</TDNUMLEFT><TDNUMLEFTU>CM</TDNUMLEFTU><TDNUMOUTL>00</TDNUMOUTL><TDLDEPTH>00</TDLDEPTH><TDLFIRSTIN>0</TDLFIRSTIN><TDLNEXTIND>0</TDLNEXTIND><TDLCOUNT>0</TDLCOUNT><TDFAMILY>HELVE</TDFAMILY><TDHEIGHT>110</TDHEIGHT><TDBOLD>X</TDBOLD><TDITALIC>*</TDITALIC><TDUNDERLIN>*</TDUNDERLIN><TDULPOS>0.00</TDULPOS><TDULTHICK>0.00</TDULTHICK><TDULGREY>000</TDULGREY><RED>000</RED><GREEN>000</GREEN><BLUE>000</BLUE><TRANS>000</TRANS><LANGU>E</LANGU><CAPTION>Head 2</CAPTION></item><item><ACTIVE>A</ACTIVE><STYLENAME>ZSD_SALES_INVOICE</STYLENAME><TDPARGRAPH>PD</TDPARGRAPH><TDPJUSTIFY>LEFT</TDPJUSTIFY><TDPLDIST>1.00</TDPLDIST><TDPLDISTU>LN</TDPLDISTU><TDPTOP>0.00</TDPTOP><TDPTOPU>CM</TDPTOPU><TDPBOT>0.00</TDPBOT><TDPBOTU>CM</TDPBOTU><TDPLEFT>0.20</TDPLEFT><TDPLEFTU>CM</TDPLEFTU><TDPRIGHT>0.00</TDPRIGHT><TDPRIGHTU>CM</TDPRIGHTU><TDPENTRY>0.00</TDPENTRY><TDPENTRYU>CM</TDPENTRYU><TDNUMLEFT>0.00</TDNUMLEFT><TDNUMLEFTU>CM</TDNUMLEFTU><TDNUMOUTL>00</TDNUMOUTL><TDLDEPTH>00</TDLDEPTH><TDLFIRSTIN>0</TDLFIRSTIN><TDLNEXTIND>0</TDLNEXTIND><TDLCOUNT>0</TDLCOUNT><TDFAMILY>HELVE</TDFAMILY><TDHEIGHT>110</TDHEIGHT><TDBOLD>*</TDBOLD><TDITALIC>*</TDITALIC><TDUNDERLIN>*</TDUNDERLIN><TDULPOS>0.00</TDULPOS><TDULTHICK>0.00</TDULTHICK><TDULGREY>000</TDULGREY><RED>000</RED><GREEN>000</GREEN><BLUE>000</BLUE><TRANS>000</TRANS><LANGU>E</LANGU><CAPTION>Default</CAPTION></item><item><ACTIVE>A</ACTIVE><STYLENAME>ZSD_SALES_INVOICE</STYLENAME><TDPARGRAPH>R1</TDPARGRAPH><TDPJUSTIFY>RIGHT</TDPJUSTIFY><TDPLDIST>1.00</TDPLDIST><TDPLDISTU>LN</TDPLDISTU><TDPTOP>0.00</TDPTOP><TDPTOPU>CM</TDPTOPU><TDPBOT>0.00</TDPBOT><TDPBOTU>CM</TDPBOTU><TDPLEFT>0.00</TDPLEFT><TDPLEFTU>CM</TDPLEFTU><TDPRIGHT>0.00</TDPRIGHT><TDPRIGHTU>CM</TDPRIGHTU><TDPENTRY>0.00</TDPENTRY><TDPENTRYU>CM</TDPENTRYU><TDNUMLEFT>0.00</TDNUMLEFT><TDNUMLEFTU>CM</TDNUMLEFTU><TDNUMOUTL>00</TDNUMOUTL><TDLDEPTH>00</TDLDEPTH><TDLFIRSTIN>0</TDLFIRSTIN><TDLNEXTIND>0</TDLNEXTIND><TDLCOUNT>0</TDLCOUNT><TDFAMILY>HELVE</TDFAMILY><TDHEIGHT>110</TDHEIGHT><TDBOLD>*</TDBOLD><TDITALIC>*</TDITALIC><TDUNDERLIN>*</TDUNDERLIN><TDULPOS>0.00</TDULPOS><TDULTHICK>0.00</TDULTHICK><TDULGREY>000</TDULGREY><RED>000</RED><GREEN>000</GREEN><BLUE>000</BLUE><TRANS>000</TRANS><LANGU>E</LANGU><CAPTION>Right</CAPTION></item><item><ACTIVE>A</ACTIVE><STYLENAME>ZSD_SALES_INVOICE</STYLENAME><TDPARGRAPH>R2</TDPARGRAPH><TDPJUSTIFY>CENTER</TDPJUSTIFY><TDPLDIST>1.00</TDPLDIST><TDPLDISTU>LN</TDPLDISTU><TDPTOP>0.00</TDPTOP><TDPTOPU>CM</TDPTOPU><TDPBOT>0.00</TDPBOT><TDPBOTU>CM</TDPBOTU><TDPLEFT>0.00</TDPLEFT><TDPLEFTU>CM</TDPLEFTU><TDPRIGHT>0.00</TDPRIGHT><TDPRIGHTU>CM</TDPRIGHTU><TDPENTRY>0.00</TDPENTRY><TDPENTRYU>CM</TDPENTRYU><TDNUMLEFT>0.00</TDNUMLEFT><TDNUMLEFTU>CM</TDNUMLEFTU><TDNUMOUTL>00</TDNUMOUTL><TDLDEPTH>00</TDLDEPTH><TDLFIRSTIN>0</TDLFIRSTIN><TDLNEXTIND>0</TDLNEXTIND><TDLCOUNT>0</TDLCOUNT><TDFAMILY>HELVE</TDFAMILY><TDHEIGHT>110</TDHEIGHT><TDBOLD>X</TDBOLD><TDITALIC>*</TDITALIC><TDUNDERLIN>*</TDUNDERLIN><TDULPOS>0.00</TDULPOS><TDULTHICK>0.00</TDULTHICK><TDULGREY>000</TDULGREY><RED>000</RED><GREEN>000</GREEN><BLUE>000</BLUE><TRANS>000</TRANS><LANGU>E</LANGU><CAPTION>Right</CAPTION></item></sf:PARAGRAPHS><sf:STRINGS/><sf:TABSTOPS/></sf:SMARTSTYLE>